Feature,KS Statistic,p-value,Significant Data Drift
hospital_visits,0.15211719066421703,0.0,True
inpatient_visits_in_previous_year,0.005153887441958882,0.6195306363923698,False
Emergency_visits/total_visits,0.00322091153097559,0.9791115776606868,False
discharge_disposition_Discharged to home,0.003977734050988169,0.8864426731030992,False
discharge_disposition_Expired,0.0006747188570404017,1.0,False
discharge_disposition_Discharged/transferred to another rehab fac including rehab units of a hospital .,9.928359437694212e-05,1.0,False
number_diagnoses,0.0027187678350841515,0.9973346243130057,False
number_of_medications,0.006543798896355063,0.31809957506864794,False
discharge_disposition_Discharged/transferred to SNF,0.0005638738991452508,1.0,False
length_of_stay_in_hospital,0.006227304328043137,0.3771108906825579,False
outpatient_visits_in_previous_year,0.003218796002427027,0.9792491864494819,False
medication_['insulin'],0.0018562493697047433,0.999999441323502,False
n_medications/length_of_stay,0.006937156135608635,0.2540380694543253,False
number_lab_tests,0.004447922688152639,0.7899358471019768,False
encounter_id,0.006713749422411264,0.28916064227180893,False
discharge_disposition_Discharged/transferred to another type of inpatient care institution,0.0003188239492029066,1.0,False
age,0.00631851534141703,0.3594275393888523,False
prescribed_diabetes_meds,0.0017152783654821036,0.9999999643502245,False
payer_code,0.0009904693111802976,1.0,False
discharge_disposition_Discharged/transferred to another short term hospital,7.595299366569552e-05,1.0,False
medical_specialty_Cardiology,0.0014253603545110183,0.9999999999926068,False
discharge_disposition_Discharged/transferred/referred to a psychiatric hospital of psychiatric distinct part unit of a hospital,3.268813535883819e-05,1.0,False
non_lab_procedures,0.0010344309142157337,1.0,False
change_in_meds_during_hospitalization,8.853394996488628e-05,1.0,False
medical_specialty_InternalMedicine,0.0002715179714706806,1.0,False
